label,start,end,start_s,end_s,src,out
jab,1633,1778,27.21703535534497,29.633734759218225,C:\Users\ylop\Desktop\TRAINING FOOTAGE\PXL_20250430_122802210.mp4,C:\Users\ylop\Desktop\annotator\extracted_techniques\strikes\jab\jab_mirrored_PXL_20250430_122802210_000.mp4
jab,1779,1848,29.65040165165873,30.800417230053583,C:\Users\ylop\Desktop\TRAINING FOOTAGE\PXL_20250430_122802210.mp4,C:\Users\ylop\Desktop\annotator\extracted_techniques\strikes\jab\jab_mirrored_PXL_20250430_122802210_001.mp4
jab,1850,1910,30.8337510149346,31.83376456136491,C:\Users\ylop\Desktop\TRAINING FOOTAGE\PXL_20250430_122802210.mp4,C:\Users\ylop\Desktop\annotator\extracted_techniques\strikes\jab\jab_mirrored_PXL_20250430_122802210_002.mp4
jab,1911,1971,31.850431453805413,32.85044500023572,C:\Users\ylop\Desktop\TRAINING FOOTAGE\PXL_20250430_122802210.mp4,C:\Users\ylop\Desktop\annotator\extracted_techniques\strikes\jab\jab_mirrored_PXL_20250430_122802210_003.mp4
jab,1972,2034,32.867111892676235,33.90045922398755,C:\Users\ylop\Desktop\TRAINING FOOTAGE\PXL_20250430_122802210.mp4,C:\Users\ylop\Desktop\annotator\extracted_techniques\strikes\jab\jab_mirrored_PXL_20250430_122802210_004.mp4
jab,2035,2125,33.91712611642806,35.41714643607352,C:\Users\ylop\Desktop\TRAINING FOOTAGE\PXL_20250430_122802210.mp4,C:\Users\ylop\Desktop\annotator\extracted_techniques\strikes\jab\jab_mirrored_PXL_20250430_122802210_005.mp4
jab,2126,2186,35.43381332851403,36.43382687494434,C:\Users\ylop\Desktop\TRAINING FOOTAGE\PXL_20250430_122802210.mp4,C:\Users\ylop\Desktop\annotator\extracted_techniques\strikes\jab\jab_mirrored_PXL_20250430_122802210_006.mp4
jab,2187,2234,36.45049376738485,37.233837712088594,C:\Users\ylop\Desktop\TRAINING FOOTAGE\PXL_20250430_122802210.mp4,C:\Users\ylop\Desktop\annotator\extracted_techniques\strikes\jab\jab_mirrored_PXL_20250430_122802210_007.mp4
jab,2235,2297,37.2505046045291,38.28385193584042,C:\Users\ylop\Desktop\TRAINING FOOTAGE\PXL_20250430_122802210.mp4,C:\Users\ylop\Desktop\annotator\extracted_techniques\strikes\jab\jab_mirrored_PXL_20250430_122802210_008.mp4
jab,2298,2348,38.30051882828092,39.13386345030618,C:\Users\ylop\Desktop\TRAINING FOOTAGE\PXL_20250430_122802210.mp4,C:\Users\ylop\Desktop\annotator\extracted_techniques\strikes\jab\jab_mirrored_PXL_20250430_122802210_009.mp4
jab,2349,2492,39.15053034274669,41.53389596173893,C:\Users\ylop\Desktop\TRAINING FOOTAGE\PXL_20250430_122802210.mp4,C:\Users\ylop\Desktop\annotator\extracted_techniques\strikes\jab\jab_mirrored_PXL_20250430_122802210_010.mp4
jab,2493,2559,41.55056285417943,42.650577755252776,C:\Users\ylop\Desktop\TRAINING FOOTAGE\PXL_20250430_122802210.mp4,C:\Users\ylop\Desktop\annotator\extracted_techniques\strikes\jab\jab_mirrored_PXL_20250430_122802210_011.mp4
jab,2560,2616,42.66724464769328,43.60059062436157,C:\Users\ylop\Desktop\TRAINING FOOTAGE\PXL_20250430_122802210.mp4,C:\Users\ylop\Desktop\annotator\extracted_techniques\strikes\jab\jab_mirrored_PXL_20250430_122802210_012.mp4
jab,2617,2690,43.61725751680208,44.83394066495896,C:\Users\ylop\Desktop\TRAINING FOOTAGE\PXL_20250430_122802210.mp4,C:\Users\ylop\Desktop\annotator\extracted_techniques\strikes\jab\jab_mirrored_PXL_20250430_122802210_013.mp4
jab,2691,2784,44.85060755739946,46.40062855436644,C:\Users\ylop\Desktop\TRAINING FOOTAGE\PXL_20250430_122802210.mp4,C:\Users\ylop\Desktop\annotator\extracted_techniques\strikes\jab\jab_mirrored_PXL_20250430_122802210_014.mp4
jab,2699,2820,44.98394269692351,47.00063668222463,C:\Users\ylop\Desktop\TRAINING FOOTAGE\PXL_20250430_122802210.mp4,C:\Users\ylop\Desktop\annotator\extracted_techniques\strikes\jab\jab_mirrored_PXL_20250430_122802210_015.mp4
jab,2830,3062,47.16730560662968,51.034024652826886,C:\Users\ylop\Desktop\TRAINING FOOTAGE\PXL_20250430_122802210.mp4,C:\Users\ylop\Desktop\annotator\extracted_techniques\strikes\jab\jab_mirrored_PXL_20250430_122802210_016.mp4
jab,3208,3276,53.46739094914064,54.600739635095,C:\Users\ylop\Desktop\TRAINING FOOTAGE\PXL_20250430_122802210.mp4,C:\Users\ylop\Desktop\annotator\extracted_techniques\strikes\jab\jab_mirrored_PXL_20250430_122802210_017.mp4
jab,3399,3452,56.650767405277136,57.53411270462391,C:\Users\ylop\Desktop\TRAINING FOOTAGE\PXL_20250430_122802210.mp4,C:\Users\ylop\Desktop\annotator\extracted_techniques\strikes\jab\jab_mirrored_PXL_20250430_122802210_018.mp4
jab,3499,3531,58.31745664932765,58.85079720742382,C:\Users\ylop\Desktop\TRAINING FOOTAGE\PXL_20250430_122802210.mp4,C:\Users\ylop\Desktop\annotator\extracted_techniques\strikes\jab\jab_mirrored_PXL_20250430_122802210_019.mp4
jab,3545,3651,59.08413370159089,60.85082430028445,C:\Users\ylop\Desktop\TRAINING FOOTAGE\PXL_20250430_122802210.mp4,C:\Users\ylop\Desktop\annotator\extracted_techniques\strikes\jab\jab_mirrored_PXL_20250430_122802210_020.mp4
jab,3665,3921,61.08416079445151,65.35088525922085,C:\Users\ylop\Desktop\TRAINING FOOTAGE\PXL_20250430_122802210.mp4,C:\Users\ylop\Desktop\annotator\extracted_techniques\strikes\jab\jab_mirrored_PXL_20250430_122802210_021.mp4
jab,3938,4001,65.63422243070943,66.68423665446126,C:\Users\ylop\Desktop\TRAINING FOOTAGE\PXL_20250430_122802210.mp4,C:\Users\ylop\Desktop\annotator\extracted_techniques\strikes\jab\jab_mirrored_PXL_20250430_122802210_022.mp4
jab,4061,4129,67.68425020089157,68.81759888684593,C:\Users\ylop\Desktop\TRAINING FOOTAGE\PXL_20250430_122802210.mp4,C:\Users\ylop\Desktop\annotator\extracted_techniques\strikes\jab\jab_mirrored_PXL_20250430_122802210_023.mp4
jab,4186,4193,69.76761175595472,69.88428000303826,C:\Users\ylop\Desktop\TRAINING FOOTAGE\PXL_20250430_122802210.mp4,C:\Users\ylop\Desktop\annotator\extracted_techniques\strikes\jab\jab_mirrored_PXL_20250430_122802210_024.mp4
jab,4095,4131,68.25092454386875,68.85093267172694,C:\Users\ylop\Desktop\TRAINING FOOTAGE\PXL_20250430_122802210.mp4,C:\Users\ylop\Desktop\annotator\extracted_techniques\strikes\jab\jab_mirrored_PXL_20250430_122802210_025.mp4
jab,4141,4241,69.01760159613198,70.6842908401825,C:\Users\ylop\Desktop\TRAINING FOOTAGE\PXL_20250430_122802210.mp4,C:\Users\ylop\Desktop\annotator\extracted_techniques\strikes\jab\jab_mirrored_PXL_20250430_122802210_026.mp4
jab,4246,4328,70.76762530238503,72.13431048250645,C:\Users\ylop\Desktop\TRAINING FOOTAGE\PXL_20250430_122802210.mp4,C:\Users\ylop\Desktop\annotator\extracted_techniques\strikes\jab\jab_mirrored_PXL_20250430_122802210_027.mp4
jab,4337,4397,72.284312514471,73.28432606090131,C:\Users\ylop\Desktop\TRAINING FOOTAGE\PXL_20250430_122802210.mp4,C:\Users\ylop\Desktop\annotator\extracted_techniques\strikes\jab\jab_mirrored_PXL_20250430_122802210_028.mp4
jab,4409,4469,73.48432877018737,74.48434231661768,C:\Users\ylop\Desktop\TRAINING FOOTAGE\PXL_20250430_122802210.mp4,C:\Users\ylop\Desktop\annotator\extracted_techniques\strikes\jab\jab_mirrored_PXL_20250430_122802210_029.mp4
jab,4532,4652,75.53435654036952,77.53438363323014,C:\Users\ylop\Desktop\TRAINING FOOTAGE\PXL_20250430_122802210.mp4,C:\Users\ylop\Desktop\annotator\extracted_techniques\strikes\jab\jab_mirrored_PXL_20250430_122802210_030.mp4
jab,4675,4723,77.91772215936176,78.717732996506,C:\Users\ylop\Desktop\TRAINING FOOTAGE\PXL_20250430_122802210.mp4,C:\Users\ylop\Desktop\annotator\extracted_techniques\strikes\jab\jab_mirrored_PXL_20250430_122802210_031.mp4
jab,4740,4848,79.0010701679946,80.80109455156915,C:\Users\ylop\Desktop\TRAINING FOOTAGE\PXL_20250430_122802210.mp4,C:\Users\ylop\Desktop\annotator\extracted_techniques\strikes\jab\jab_mirrored_PXL_20250430_122802210_032.mp4
jab,4855,4943,80.91776279865269,82.38444933341715,C:\Users\ylop\Desktop\TRAINING FOOTAGE\PXL_20250430_122802210.mp4,C:\Users\ylop\Desktop\annotator\extracted_techniques\strikes\jab\jab_mirrored_PXL_20250430_122802210_033.mp4
jab,4955,5092,82.5844520427032,84.86781630705242,C:\Users\ylop\Desktop\TRAINING FOOTAGE\PXL_20250430_122802210.mp4,C:\Users\ylop\Desktop\annotator\extracted_techniques\strikes\jab\jab_mirrored_PXL_20250430_122802210_034.mp4
jab,5110,5246,85.16782037098152,87.43451774289022,C:\Users\ylop\Desktop\TRAINING FOOTAGE\PXL_20250430_122802210.mp4,C:\Users\ylop\Desktop\annotator\extracted_techniques\strikes\jab\jab_mirrored_PXL_20250430_122802210_035.mp4
jab,5258,5334,87.63452045217628,88.90120427765467,C:\Users\ylop\Desktop\TRAINING FOOTAGE\PXL_20250430_122802210.mp4,C:\Users\ylop\Desktop\annotator\extracted_techniques\strikes\jab\jab_mirrored_PXL_20250430_122802210_036.mp4
jab,5370,5430,89.50121240551286,90.50122595194316,C:\Users\ylop\Desktop\TRAINING FOOTAGE\PXL_20250430_122802210.mp4,C:\Users\ylop\Desktop\annotator\extracted_techniques\strikes\jab\jab_mirrored_PXL_20250430_122802210_037.mp4
jab,5441,5511,90.68456176878873,91.8512442396241,C:\Users\ylop\Desktop\TRAINING FOOTAGE\PXL_20250430_122802210.mp4,C:\Users\ylop\Desktop\annotator\extracted_techniques\strikes\jab\jab_mirrored_PXL_20250430_122802210_038.mp4
jab,5527,5720,92.11791451867218,95.33462475968967,C:\Users\ylop\Desktop\TRAINING FOOTAGE\PXL_20250430_122802210.mp4,C:\Users\ylop\Desktop\annotator\extracted_techniques\strikes\jab\jab_mirrored_PXL_20250430_122802210_039.mp4
jab,5773,5837,96.21797005903645,97.2846511752288,C:\Users\ylop\Desktop\TRAINING FOOTAGE\PXL_20250430_122802210.mp4,C:\Users\ylop\Desktop\annotator\extracted_techniques\strikes\jab\jab_mirrored_PXL_20250430_122802210_040.mp4
jab,5856,5944,97.60132213159838,99.06800866636284,C:\Users\ylop\Desktop\TRAINING FOOTAGE\PXL_20250430_122802210.mp4,C:\Users\ylop\Desktop\annotator\extracted_techniques\strikes\jab\jab_mirrored_PXL_20250430_122802210_041.mp4
jab,6010,6052,100.16802356743618,100.8680330499374,C:\Users\ylop\Desktop\TRAINING FOOTAGE\PXL_20250430_122802210.mp4,C:\Users\ylop\Desktop\annotator\extracted_techniques\strikes\jab\jab_mirrored_PXL_20250430_122802210_042.mp4
jab,6068,6177,101.13470332898548,102.95139460500054,C:\Users\ylop\Desktop\TRAINING FOOTAGE\PXL_20250430_122802210.mp4,C:\Users\ylop\Desktop\annotator\extracted_techniques\strikes\jab\jab_mirrored_PXL_20250430_122802210_043.mp4
jab,6189,6287,103.1513973142866,104.78475277345612,C:\Users\ylop\Desktop\TRAINING FOOTAGE\PXL_20250430_122802210.mp4,C:\Users\ylop\Desktop\annotator\extracted_techniques\strikes\jab\jab_mirrored_PXL_20250430_122802210_044.mp4
jab,6328,6380,105.46809536351684,106.3347737704231,C:\Users\ylop\Desktop\TRAINING FOOTAGE\PXL_20250430_122802210.mp4,C:\Users\ylop\Desktop\annotator\extracted_techniques\strikes\jab\jab_mirrored_PXL_20250430_122802210_045.mp4
jab,6399,6484,106.6514447267927,108.06813058423565,C:\Users\ylop\Desktop\TRAINING FOOTAGE\PXL_20250430_122802210.mp4,C:\Users\ylop\Desktop\annotator\extracted_techniques\strikes\jab\jab_mirrored_PXL_20250430_122802210_046.mp4
jab,6529,6577,108.81814074405835,109.61815158120262,C:\Users\ylop\Desktop\TRAINING FOOTAGE\PXL_20250430_122802210.mp4,C:\Users\ylop\Desktop\annotator\extracted_techniques\strikes\jab\jab_mirrored_PXL_20250430_122802210_047.mp4
jab,6611,6693,110.1848259241798,111.55151110430124,C:\Users\ylop\Desktop\TRAINING FOOTAGE\PXL_20250430_122802210.mp4,C:\Users\ylop\Desktop\annotator\extracted_techniques\strikes\jab\jab_mirrored_PXL_20250430_122802210_048.mp4
cross,6976,7130,116.2682416649642,118.834943100802,C:\Users\ylop\Desktop\TRAINING FOOTAGE\PXL_20250430_122802210.mp4,C:\Users\ylop\Desktop\annotator\extracted_techniques\strikes\cross\cross_mirrored_PXL_20250430_122802210_049.mp4
cross,7154,7235,119.23494851937411,120.58496680705504,C:\Users\ylop\Desktop\TRAINING FOOTAGE\PXL_20250430_122802210.mp4,C:\Users\ylop\Desktop\annotator\extracted_techniques\strikes\cross\cross_mirrored_PXL_20250430_122802210_050.mp4
cross,7240,7305,120.66830126925755,121.7516492778904,C:\Users\ylop\Desktop\TRAINING FOOTAGE\PXL_20250430_122802210.mp4,C:\Users\ylop\Desktop\annotator\extracted_techniques\strikes\cross\cross_mirrored_PXL_20250430_122802210_051.mp4
cross,7306,7422,121.7683161703309,123.70167569342952,C:\Users\ylop\Desktop\TRAINING FOOTAGE\PXL_20250430_122802210.mp4,C:\Users\ylop\Desktop\annotator\extracted_techniques\strikes\cross\cross_mirrored_PXL_20250430_122802210_052.mp4
cross,7450,7528,124.16834868176365,125.46836629212304,C:\Users\ylop\Desktop\TRAINING FOOTAGE\PXL_20250430_122802210.mp4,C:\Users\ylop\Desktop\annotator\extracted_techniques\strikes\cross\cross_mirrored_PXL_20250430_122802210_053.mp4
cross,7545,7599,125.75170346361163,126.65171565539892,C:\Users\ylop\Desktop\TRAINING FOOTAGE\PXL_20250430_122802210.mp4,C:\Users\ylop\Desktop\annotator\extracted_techniques\strikes\cross\cross_mirrored_PXL_20250430_122802210_054.mp4
cross,7614,7670,126.9017190420065,127.8350650186748,C:\Users\ylop\Desktop\TRAINING FOOTAGE\PXL_20250430_122802210.mp4,C:\Users\ylop\Desktop\annotator\extracted_techniques\strikes\cross\cross_mirrored_PXL_20250430_122802210_055.mp4
cross,7685,7763,128.0850684052824,129.38508601564178,C:\Users\ylop\Desktop\TRAINING FOOTAGE\PXL_20250430_122802210.mp4,C:\Users\ylop\Desktop\annotator\extracted_techniques\strikes\cross\cross_mirrored_PXL_20250430_122802210_056.mp4
cross,7764,7900,129.40175290808227,131.668450279991,C:\Users\ylop\Desktop\TRAINING FOOTAGE\PXL_20250430_122802210.mp4,C:\Users\ylop\Desktop\annotator\extracted_techniques\strikes\cross\cross_mirrored_PXL_20250430_122802210_057.mp4
cross,7901,7987,131.6851171724315,133.11846992231494,C:\Users\ylop\Desktop\TRAINING FOOTAGE\PXL_20250430_122802210.mp4,C:\Users\ylop\Desktop\annotator\extracted_techniques\strikes\cross\cross_mirrored_PXL_20250430_122802210_058.mp4
cross,8004,8090,133.40180709380354,134.83515984368697,C:\Users\ylop\Desktop\TRAINING FOOTAGE\PXL_20250430_122802210.mp4,C:\Users\ylop\Desktop\annotator\extracted_techniques\strikes\cross\cross_mirrored_PXL_20250430_122802210_059.mp4
cross,8091,8178,134.85182673612746,136.30184637845142,C:\Users\ylop\Desktop\TRAINING FOOTAGE\PXL_20250430_122802210.mp4,C:\Users\ylop\Desktop\annotator\extracted_techniques\strikes\cross\cross_mirrored_PXL_20250430_122802210_060.mp4
cross,8183,8247,136.38518084065396,137.4518619568463,C:\Users\ylop\Desktop\TRAINING FOOTAGE\PXL_20250430_122802210.mp4,C:\Users\ylop\Desktop\annotator\extracted_techniques\strikes\cross\cross_mirrored_PXL_20250430_122802210_061.mp4
cross,8253,8326,137.5518633114893,138.7685464596462,C:\Users\ylop\Desktop\TRAINING FOOTAGE\PXL_20250430_122802210.mp4,C:\Users\ylop\Desktop\annotator\extracted_techniques\strikes\cross\cross_mirrored_PXL_20250430_122802210_062.mp4
cross,8330,8409,138.8352140294082,140.15189853220812,C:\Users\ylop\Desktop\TRAINING FOOTAGE\PXL_20250430_122802210.mp4,C:\Users\ylop\Desktop\annotator\extracted_techniques\strikes\cross\cross_mirrored_PXL_20250430_122802210_063.mp4
cross,8410,8485,140.16856542464862,141.41858235768652,C:\Users\ylop\Desktop\TRAINING FOOTAGE\PXL_20250430_122802210.mp4,C:\Users\ylop\Desktop\annotator\extracted_techniques\strikes\cross\cross_mirrored_PXL_20250430_122802210_064.mp4
cross,8486,8563,141.435249250127,142.71859996804594,C:\Users\ylop\Desktop\TRAINING FOOTAGE\PXL_20250430_122802210.mp4,C:\Users\ylop\Desktop\annotator\extracted_techniques\strikes\cross\cross_mirrored_PXL_20250430_122802210_065.mp4
cross,8564,8640,142.73526686048643,144.00195068596483,C:\Users\ylop\Desktop\TRAINING FOOTAGE\PXL_20250430_122802210.mp4,C:\Users\ylop\Desktop\annotator\extracted_techniques\strikes\cross\cross_mirrored_PXL_20250430_122802210_066.mp4
cross,8641,8716,144.01861757840533,145.26863451144322,C:\Users\ylop\Desktop\TRAINING FOOTAGE\PXL_20250430_122802210.mp4,C:\Users\ylop\Desktop\annotator\extracted_techniques\strikes\cross\cross_mirrored_PXL_20250430_122802210_067.mp4
cross,8717,8898,145.28530140388372,148.30200893561516,C:\Users\ylop\Desktop\TRAINING FOOTAGE\PXL_20250430_122802210.mp4,C:\Users\ylop\Desktop\annotator\extracted_techniques\strikes\cross\cross_mirrored_PXL_20250430_122802210_068.mp4
cross,8899,9102,148.31867582805566,151.7020549934782,C:\Users\ylop\Desktop\TRAINING FOOTAGE\PXL_20250430_122802210.mp4,C:\Users\ylop\Desktop\annotator\extracted_techniques\strikes\cross\cross_mirrored_PXL_20250430_122802210_069.mp4
cross,9103,9265,151.71872188591874,154.41875846128056,C:\Users\ylop\Desktop\TRAINING FOOTAGE\PXL_20250430_122802210.mp4,C:\Users\ylop\Desktop\annotator\extracted_techniques\strikes\cross\cross_mirrored_PXL_20250430_122802210_070.mp4
cross,9266,9587,154.4354253537211,159.78549782712324,C:\Users\ylop\Desktop\TRAINING FOOTAGE\PXL_20250430_122802210.mp4,C:\Users\ylop\Desktop\annotator\extracted_techniques\strikes\cross\cross_mirrored_PXL_20250430_122802210_071.mp4
cross,9588,9666,159.8021647195637,161.10218232992315,C:\Users\ylop\Desktop\TRAINING FOOTAGE\PXL_20250430_122802210.mp4,C:\Users\ylop\Desktop\annotator\extracted_techniques\strikes\cross\cross_mirrored_PXL_20250430_122802210_072.mp4
cross,9667,9762,161.11884922236365,162.70220400421164,C:\Users\ylop\Desktop\TRAINING FOOTAGE\PXL_20250430_122802210.mp4,C:\Users\ylop\Desktop\annotator\extracted_techniques\strikes\cross\cross_mirrored_PXL_20250430_122802210_073.mp4
cross,9763,9844,162.71887089665216,164.06888918433307,C:\Users\ylop\Desktop\TRAINING FOOTAGE\PXL_20250430_122802210.mp4,C:\Users\ylop\Desktop\annotator\extracted_techniques\strikes\cross\cross_mirrored_PXL_20250430_122802210_074.mp4
cross,9845,9914,164.08555607677357,165.23557165516843,C:\Users\ylop\Desktop\TRAINING FOOTAGE\PXL_20250430_122802210.mp4,C:\Users\ylop\Desktop\annotator\extracted_techniques\strikes\cross\cross_mirrored_PXL_20250430_122802210_075.mp4
cross,9915,10084,165.25223854760895,168.0689433700543,C:\Users\ylop\Desktop\TRAINING FOOTAGE\PXL_20250430_122802210.mp4,C:\Users\ylop\Desktop\annotator\extracted_techniques\strikes\cross\cross_mirrored_PXL_20250430_122802210_076.mp4
cross,10085,10218,168.0856102624948,170.302306957082,C:\Users\ylop\Desktop\TRAINING FOOTAGE\PXL_20250430_122802210.mp4,C:\Users\ylop\Desktop\annotator\extracted_techniques\strikes\cross\cross_mirrored_PXL_20250430_122802210_077.mp4
cross,10219,10291,170.3189738495225,171.51899010523888,C:\Users\ylop\Desktop\TRAINING FOOTAGE\PXL_20250430_122802210.mp4,C:\Users\ylop\Desktop\annotator\extracted_techniques\strikes\cross\cross_mirrored_PXL_20250430_122802210_078.mp4
cross,10292,10378,171.5356569976794,172.96900974756284,C:\Users\ylop\Desktop\TRAINING FOOTAGE\PXL_20250430_122802210.mp4,C:\Users\ylop\Desktop\annotator\extracted_techniques\strikes\cross\cross_mirrored_PXL_20250430_122802210_079.mp4
cross,10379,10448,172.98567664000336,174.13569221839822,C:\Users\ylop\Desktop\TRAINING FOOTAGE\PXL_20250430_122802210.mp4,C:\Users\ylop\Desktop\annotator\extracted_techniques\strikes\cross\cross_mirrored_PXL_20250430_122802210_080.mp4
cross,10449,10689,174.15235911083872,178.15241329655996,C:\Users\ylop\Desktop\TRAINING FOOTAGE\PXL_20250430_122802210.mp4,C:\Users\ylop\Desktop\annotator\extracted_techniques\strikes\cross\cross_mirrored_PXL_20250430_122802210_081.mp4
cross,10690,10714,178.16908018900045,178.5690856075726,C:\Users\ylop\Desktop\TRAINING FOOTAGE\PXL_20250430_122802210.mp4,C:\Users\ylop\Desktop\annotator\extracted_techniques\strikes\cross\cross_mirrored_PXL_20250430_122802210_082.mp4
hook,11249,11335,187.48587306324285,188.9192258131263,C:\Users\ylop\Desktop\TRAINING FOOTAGE\PXL_20250430_122802210.mp4,C:\Users\ylop\Desktop\annotator\extracted_techniques\strikes\hook\hook_mirrored_PXL_20250430_122802210_083.mp4
hook,11342,11455,189.03589406020984,190.91925290598687,C:\Users\ylop\Desktop\TRAINING FOOTAGE\PXL_20250430_122802210.mp4,C:\Users\ylop\Desktop\annotator\extracted_techniques\strikes\hook\hook_mirrored_PXL_20250430_122802210_084.mp4
hook,11461,11579,191.01925426063,192.9859475686096,C:\Users\ylop\Desktop\TRAINING FOOTAGE\PXL_20250430_122802210.mp4,C:\Users\ylop\Desktop\annotator\extracted_techniques\strikes\hook\hook_mirrored_PXL_20250430_122802210_085.mp4
hook,11589,11713,193.15261649301465,195.21931115563729,C:\Users\ylop\Desktop\TRAINING FOOTAGE\PXL_20250430_122802210.mp4,C:\Users\ylop\Desktop\annotator\extracted_techniques\strikes\hook\hook_mirrored_PXL_20250430_122802210_086.mp4
hook,11730,11813,195.50264832712585,196.8860003996878,C:\Users\ylop\Desktop\TRAINING FOOTAGE\PXL_20250430_122802210.mp4,C:\Users\ylop\Desktop\annotator\extracted_techniques\strikes\hook\hook_mirrored_PXL_20250430_122802210_087.mp4
hook,11868,11921,197.8026794839156,198.68602478326235,C:\Users\ylop\Desktop\TRAINING FOOTAGE\PXL_20250430_122802210.mp4,C:\Users\ylop\Desktop\annotator\extracted_techniques\strikes\hook\hook_mirrored_PXL_20250430_122802210_088.mp4
hook,11932,12033,198.8693606001079,200.5527167365989,C:\Users\ylop\Desktop\TRAINING FOOTAGE\PXL_20250430_122802210.mp4,C:\Users\ylop\Desktop\annotator\extracted_techniques\strikes\hook\hook_mirrored_PXL_20250430_122802210_089.mp4
hook,12046,12113,200.7693863383255,201.88606813183932,C:\Users\ylop\Desktop\TRAINING FOOTAGE\PXL_20250430_122802210.mp4,C:\Users\ylop\Desktop\annotator\extracted_techniques\strikes\hook\hook_mirrored_PXL_20250430_122802210_090.mp4
hook,12214,12275,203.5694242683304,204.5861047072012,C:\Users\ylop\Desktop\TRAINING FOOTAGE\PXL_20250430_122802210.mp4,C:\Users\ylop\Desktop\annotator\extracted_techniques\strikes\hook\hook_mirrored_PXL_20250430_122802210_091.mp4
hook,12286,12352,204.76944052404676,205.8694554251201,C:\Users\ylop\Desktop\TRAINING FOOTAGE\PXL_20250430_122802210.mp4,C:\Users\ylop\Desktop\annotator\extracted_techniques\strikes\hook\hook_mirrored_PXL_20250430_122802210_092.mp4
hook,12358,12452,205.9694567797631,207.5361446691706,C:\Users\ylop\Desktop\TRAINING FOOTAGE\PXL_20250430_122802210.mp4,C:\Users\ylop\Desktop\annotator\extracted_techniques\strikes\hook\hook_mirrored_PXL_20250430_122802210_093.mp4
hook,12459,12588,207.6528129162541,209.8028420410793,C:\Users\ylop\Desktop\TRAINING FOOTAGE\PXL_20250430_122802210.mp4,C:\Users\ylop\Desktop\annotator\extracted_techniques\strikes\hook\hook_mirrored_PXL_20250430_122802210_094.mp4
hook,12597,12689,209.95284407304385,211.48619817757037,C:\Users\ylop\Desktop\TRAINING FOOTAGE\PXL_20250430_122802210.mp4,C:\Users\ylop\Desktop\annotator\extracted_techniques\strikes\hook\hook_mirrored_PXL_20250430_122802210_095.mp4
hook,12690,12794,211.50286507001084,213.2362218838234,C:\Users\ylop\Desktop\TRAINING FOOTAGE\PXL_20250430_122802210.mp4,C:\Users\ylop\Desktop\annotator\extracted_techniques\strikes\hook\hook_mirrored_PXL_20250430_122802210_096.mp4
hook,13004,13081,216.73626929632945,218.0196200142484,C:\Users\ylop\Desktop\TRAINING FOOTAGE\PXL_20250430_122802210.mp4,C:\Users\ylop\Desktop\annotator\extracted_techniques\strikes\hook\hook_mirrored_PXL_20250430_122802210_097.mp4
hook,13088,13171,218.1362882613319,219.51964033389385,C:\Users\ylop\Desktop\TRAINING FOOTAGE\PXL_20250430_122802210.mp4,C:\Users\ylop\Desktop\annotator\extracted_techniques\strikes\hook\hook_mirrored_PXL_20250430_122802210_098.mp4
hook,13178,13272,219.63630858097736,221.20299647038485,C:\Users\ylop\Desktop\TRAINING FOOTAGE\PXL_20250430_122802210.mp4,C:\Users\ylop\Desktop\annotator\extracted_techniques\strikes\hook\hook_mirrored_PXL_20250430_122802210_099.mp4
hook,13289,13351,221.48633364187344,222.5196809731848,C:\Users\ylop\Desktop\TRAINING FOOTAGE\PXL_20250430_122802210.mp4,C:\Users\ylop\Desktop\annotator\extracted_techniques\strikes\hook\hook_mirrored_PXL_20250430_122802210_100.mp4
hook,13364,13459,222.7363505749113,224.31970535675933,C:\Users\ylop\Desktop\TRAINING FOOTAGE\PXL_20250430_122802210.mp4,C:\Users\ylop\Desktop\annotator\extracted_techniques\strikes\hook\hook_mirrored_PXL_20250430_122802210_101.mp4
hook,13482,13554,224.7030438828909,225.9030601386073,C:\Users\ylop\Desktop\TRAINING FOOTAGE\PXL_20250430_122802210.mp4,C:\Users\ylop\Desktop\annotator\extracted_techniques\strikes\hook\hook_mirrored_PXL_20250430_122802210_102.mp4
hook,13562,13652,226.03639527813132,227.5364155977768,C:\Users\ylop\Desktop\TRAINING FOOTAGE\PXL_20250430_122802210.mp4,C:\Users\ylop\Desktop\annotator\extracted_techniques\strikes\hook\hook_mirrored_PXL_20250430_122802210_103.mp4
hook,13659,13787,227.6530838448604,229.78644607724505,C:\Users\ylop\Desktop\TRAINING FOOTAGE\PXL_20250430_122802210.mp4,C:\Users\ylop\Desktop\annotator\extracted_techniques\strikes\hook\hook_mirrored_PXL_20250430_122802210_104.mp4
hook,13800,13928,230.0031156789716,232.13647791135625,C:\Users\ylop\Desktop\TRAINING FOOTAGE\PXL_20250430_122802210.mp4,C:\Users\ylop\Desktop\annotator\extracted_techniques\strikes\hook\hook_mirrored_PXL_20250430_122802210_105.mp4
hook,13933,14020,232.2198123735588,233.66983201588275,C:\Users\ylop\Desktop\TRAINING FOOTAGE\PXL_20250430_122802210.mp4,C:\Users\ylop\Desktop\annotator\extracted_techniques\strikes\hook\hook_mirrored_PXL_20250430_122802210_106.mp4
hook,14031,14152,233.8531678327283,235.86986181802945,C:\Users\ylop\Desktop\TRAINING FOOTAGE\PXL_20250430_122802210.mp4,C:\Users\ylop\Desktop\annotator\extracted_techniques\strikes\hook\hook_mirrored_PXL_20250430_122802210_107.mp4
hook,14210,14283,236.83654157957872,238.0532247277356,C:\Users\ylop\Desktop\TRAINING FOOTAGE\PXL_20250430_122802210.mp4,C:\Users\ylop\Desktop\annotator\extracted_techniques\strikes\hook\hook_mirrored_PXL_20250430_122802210_108.mp4
hook,14292,14431,238.20322675970016,240.5199248089304,C:\Users\ylop\Desktop\TRAINING FOOTAGE\PXL_20250430_122802210.mp4,C:\Users\ylop\Desktop\annotator\extracted_techniques\strikes\hook\hook_mirrored_PXL_20250430_122802210_109.mp4
hook,14434,14552,240.5699254862519,242.5366187942315,C:\Users\ylop\Desktop\TRAINING FOOTAGE\PXL_20250430_122802210.mp4,C:\Users\ylop\Desktop\annotator\extracted_techniques\strikes\hook\hook_mirrored_PXL_20250430_122802210_110.mp4
hook,14553,14665,242.553285686672,244.4199776400086,C:\Users\ylop\Desktop\TRAINING FOOTAGE\PXL_20250430_122802210.mp4,C:\Users\ylop\Desktop\annotator\extracted_techniques\strikes\hook\hook_mirrored_PXL_20250430_122802210_111.mp4
hook,14670,14773,244.5033121022111,246.22000202358316,C:\Users\ylop\Desktop\TRAINING FOOTAGE\PXL_20250430_122802210.mp4,C:\Users\ylop\Desktop\annotator\extracted_techniques\strikes\hook\hook_mirrored_PXL_20250430_122802210_112.mp4
hook,14779,14882,246.32000337822615,248.0366932995982,C:\Users\ylop\Desktop\TRAINING FOOTAGE\PXL_20250430_122802210.mp4,C:\Users\ylop\Desktop\annotator\extracted_techniques\strikes\hook\hook_mirrored_PXL_20250430_122802210_113.mp4
hook,14900,14993,248.3366973635273,249.88671836049429,C:\Users\ylop\Desktop\TRAINING FOOTAGE\PXL_20250430_122802210.mp4,C:\Users\ylop\Desktop\annotator\extracted_techniques\strikes\hook\hook_mirrored_PXL_20250430_122802210_114.mp4
hook,15004,15109,250.07005417733984,251.8200778835929,C:\Users\ylop\Desktop\TRAINING FOOTAGE\PXL_20250430_122802210.mp4,C:\Users\ylop\Desktop\annotator\extracted_techniques\strikes\hook\hook_mirrored_PXL_20250430_122802210_115.mp4
hook,15126,15207,252.10341505508148,253.4534333427624,C:\Users\ylop\Desktop\TRAINING FOOTAGE\PXL_20250430_122802210.mp4,C:\Users\ylop\Desktop\annotator\extracted_techniques\strikes\hook\hook_mirrored_PXL_20250430_122802210_116.mp4
hook,15171,15239,252.8534252149042,253.98677390085857,C:\Users\ylop\Desktop\TRAINING FOOTAGE\PXL_20250430_122802210.mp4,C:\Users\ylop\Desktop\annotator\extracted_techniques\strikes\hook\hook_mirrored_PXL_20250430_122802210_117.mp4
hook,15245,15355,254.0867752555016,255.9201334239572,C:\Users\ylop\Desktop\TRAINING FOOTAGE\PXL_20250430_122802210.mp4,C:\Users\ylop\Desktop\annotator\extracted_techniques\strikes\hook\hook_mirrored_PXL_20250430_122802210_118.mp4
hook,15357,15462,255.95346720883816,257.7034909150912,C:\Users\ylop\Desktop\TRAINING FOOTAGE\PXL_20250430_122802210.mp4,C:\Users\ylop\Desktop\annotator\extracted_techniques\strikes\hook\hook_mirrored_PXL_20250430_122802210_119.mp4
hook,15502,15575,258.37016661271144,259.5868497608683,C:\Users\ylop\Desktop\TRAINING FOOTAGE\PXL_20250430_122802210.mp4,C:\Users\ylop\Desktop\annotator\extracted_techniques\strikes\hook\hook_mirrored_PXL_20250430_122802210_120.mp4
hook,15971,16056,266.1869391673084,267.6036250247513,C:\Users\ylop\Desktop\TRAINING FOOTAGE\PXL_20250430_122802210.mp4,C:\Users\ylop\Desktop\annotator\extracted_techniques\strikes\hook\hook_mirrored_PXL_20250430_122802210_121.mp4
hook,16064,16173,267.73696016427533,269.5536514402904,C:\Users\ylop\Desktop\TRAINING FOOTAGE\PXL_20250430_122802210.mp4,C:\Users\ylop\Desktop\annotator\extracted_techniques\strikes\hook\hook_mirrored_PXL_20250430_122802210_122.mp4
hook,16174,16245,269.5703183327309,270.7536676960068,C:\Users\ylop\Desktop\TRAINING FOOTAGE\PXL_20250430_122802210.mp4,C:\Users\ylop\Desktop\annotator\extracted_techniques\strikes\hook\hook_mirrored_PXL_20250430_122802210_123.mp4
hook,16247,16309,270.7870014808878,271.82034881219914,C:\Users\ylop\Desktop\TRAINING FOOTAGE\PXL_20250430_122802210.mp4,C:\Users\ylop\Desktop\annotator\extracted_techniques\strikes\hook\hook_mirrored_PXL_20250430_122802210_124.mp4
hook,16310,16364,271.8370157046396,272.7370278964269,C:\Users\ylop\Desktop\TRAINING FOOTAGE\PXL_20250430_122802210.mp4,C:\Users\ylop\Desktop\annotator\extracted_techniques\strikes\hook\hook_mirrored_PXL_20250430_122802210_125.mp4
hook,16365,16541,272.7536947888674,275.68706785839635,C:\Users\ylop\Desktop\TRAINING FOOTAGE\PXL_20250430_122802210.mp4,C:\Users\ylop\Desktop\annotator\extracted_techniques\strikes\hook\hook_mirrored_PXL_20250430_122802210_126.mp4
hook,16542,16641,275.7037347508368,277.3537571024468,C:\Users\ylop\Desktop\TRAINING FOOTAGE\PXL_20250430_122802210.mp4,C:\Users\ylop\Desktop\annotator\extracted_techniques\strikes\hook\hook_mirrored_PXL_20250430_122802210_127.mp4
hook,16642,16732,277.37042399488735,278.8704443145328,C:\Users\ylop\Desktop\TRAINING FOOTAGE\PXL_20250430_122802210.mp4,C:\Users\ylop\Desktop\annotator\extracted_techniques\strikes\hook\hook_mirrored_PXL_20250430_122802210_128.mp4
hook,16733,16820,278.8871112069733,280.33713084929724,C:\Users\ylop\Desktop\TRAINING FOOTAGE\PXL_20250430_122802210.mp4,C:\Users\ylop\Desktop\annotator\extracted_techniques\strikes\hook\hook_mirrored_PXL_20250430_122802210_129.mp4
hook,16821,16890,280.35379774173776,281.5038133201326,C:\Users\ylop\Desktop\TRAINING FOOTAGE\PXL_20250430_122802210.mp4,C:\Users\ylop\Desktop\annotator\extracted_techniques\strikes\hook\hook_mirrored_PXL_20250430_122802210_130.mp4
hook,16891,17049,281.52048021257315,284.153849218173,C:\Users\ylop\Desktop\TRAINING FOOTAGE\PXL_20250430_122802210.mp4,C:\Users\ylop\Desktop\annotator\extracted_techniques\strikes\hook\hook_mirrored_PXL_20250430_122802210_131.mp4
hook,17050,17145,284.17051611061345,285.75387089246146,C:\Users\ylop\Desktop\TRAINING FOOTAGE\PXL_20250430_122802210.mp4,C:\Users\ylop\Desktop\annotator\extracted_techniques\strikes\hook\hook_mirrored_PXL_20250430_122802210_132.mp4
hook,17146,17217,285.77053778490193,286.95388714817784,C:\Users\ylop\Desktop\TRAINING FOOTAGE\PXL_20250430_122802210.mp4,C:\Users\ylop\Desktop\annotator\extracted_techniques\strikes\hook\hook_mirrored_PXL_20250430_122802210_133.mp4
hook,17218,17301,286.9705540406183,288.35390611318024,C:\Users\ylop\Desktop\TRAINING FOOTAGE\PXL_20250430_122802210.mp4,C:\Users\ylop\Desktop\annotator\extracted_techniques\strikes\hook\hook_mirrored_PXL_20250430_122802210_134.mp4
hook,17302,17389,288.3705730056208,289.8205926479447,C:\Users\ylop\Desktop\TRAINING FOOTAGE\PXL_20250430_122802210.mp4,C:\Users\ylop\Desktop\annotator\extracted_techniques\strikes\hook\hook_mirrored_PXL_20250430_122802210_135.mp4
hook,17390,17460,289.8372595403852,291.0039420112206,C:\Users\ylop\Desktop\TRAINING FOOTAGE\PXL_20250430_122802210.mp4,C:\Users\ylop\Desktop\annotator\extracted_techniques\strikes\hook\hook_mirrored_PXL_20250430_122802210_136.mp4
hook,17461,17545,291.02060890366107,292.4206278686636,C:\Users\ylop\Desktop\TRAINING FOOTAGE\PXL_20250430_122802210.mp4,C:\Users\ylop\Desktop\annotator\extracted_techniques\strikes\hook\hook_mirrored_PXL_20250430_122802210_137.mp4
hook,17696,17795,294.9373286271798,296.5873509787898,C:\Users\ylop\Desktop\TRAINING FOOTAGE\PXL_20250430_122802210.mp4,C:\Users\ylop\Desktop\annotator\extracted_techniques\strikes\hook\hook_mirrored_PXL_20250430_122802210_138.mp4
hook,17796,17897,296.6040178712303,298.2873740077213,C:\Users\ylop\Desktop\TRAINING FOOTAGE\PXL_20250430_122802210.mp4,C:\Users\ylop\Desktop\annotator\extracted_techniques\strikes\hook\hook_mirrored_PXL_20250430_122802210_139.mp4
hook,17898,18023,298.30404090016185,300.387402455225,C:\Users\ylop\Desktop\TRAINING FOOTAGE\PXL_20250430_122802210.mp4,C:\Users\ylop\Desktop\annotator\extracted_techniques\strikes\hook\hook_mirrored_PXL_20250430_122802210_140.mp4
hook,18027,18086,300.454070024987,301.43741667897683,C:\Users\ylop\Desktop\TRAINING FOOTAGE\PXL_20250430_122802210.mp4,C:\Users\ylop\Desktop\annotator\extracted_techniques\strikes\hook\hook_mirrored_PXL_20250430_122802210_141.mp4
hook,18087,18174,301.45408357141736,302.9041032137413,C:\Users\ylop\Desktop\TRAINING FOOTAGE\PXL_20250430_122802210.mp4,C:\Users\ylop\Desktop\annotator\extracted_techniques\strikes\hook\hook_mirrored_PXL_20250430_122802210_142.mp4
hook,18175,18290,302.9207701061818,304.8374627368399,C:\Users\ylop\Desktop\TRAINING FOOTAGE\PXL_20250430_122802210.mp4,C:\Users\ylop\Desktop\annotator\extracted_techniques\strikes\hook\hook_mirrored_PXL_20250430_122802210_143.mp4
hook,18291,18373,304.8541296292804,306.2208148094018,C:\Users\ylop\Desktop\TRAINING FOOTAGE\PXL_20250430_122802210.mp4,C:\Users\ylop\Desktop\annotator\extracted_techniques\strikes\hook\hook_mirrored_PXL_20250430_122802210_144.mp4
hook,18374,18474,306.23748170184234,307.9041709458929,C:\Users\ylop\Desktop\TRAINING FOOTAGE\PXL_20250430_122802210.mp4,C:\Users\ylop\Desktop\annotator\extracted_techniques\strikes\hook\hook_mirrored_PXL_20250430_122802210_145.mp4
hook,18475,18562,307.92083783833334,309.3708574806573,C:\Users\ylop\Desktop\TRAINING FOOTAGE\PXL_20250430_122802210.mp4,C:\Users\ylop\Desktop\annotator\extracted_techniques\strikes\hook\hook_mirrored_PXL_20250430_122802210_146.mp4
hook,18563,18671,309.3875243730978,311.1875487566724,C:\Users\ylop\Desktop\TRAINING FOOTAGE\PXL_20250430_122802210.mp4,C:\Users\ylop\Desktop\annotator\extracted_techniques\strikes\hook\hook_mirrored_PXL_20250430_122802210_147.mp4
hook,18672,18820,311.2042156491129,313.6709157303076,C:\Users\ylop\Desktop\TRAINING FOOTAGE\PXL_20250430_122802210.mp4,C:\Users\ylop\Desktop\annotator\extracted_techniques\strikes\hook\hook_mirrored_PXL_20250430_122802210_148.mp4
hook,19011,19128,316.8542921864441,318.80431860198325,C:\Users\ylop\Desktop\TRAINING FOOTAGE\PXL_20250430_122802210.mp4,C:\Users\ylop\Desktop\annotator\extracted_techniques\strikes\hook\hook_mirrored_PXL_20250430_122802210_149.mp4
hook,19129,19207,318.8209854944237,320.12100310478314,C:\Users\ylop\Desktop\TRAINING FOOTAGE\PXL_20250430_122802210.mp4,C:\Users\ylop\Desktop\annotator\extracted_techniques\strikes\hook\hook_mirrored_PXL_20250430_122802210_150.mp4
hook,19208,19320,320.13766999722367,322.0043619505602,C:\Users\ylop\Desktop\TRAINING FOOTAGE\PXL_20250430_122802210.mp4,C:\Users\ylop\Desktop\annotator\extracted_techniques\strikes\hook\hook_mirrored_PXL_20250430_122802210_151.mp4
hook,19321,19443,322.02102884300075,324.0543897207424,C:\Users\ylop\Desktop\TRAINING FOOTAGE\PXL_20250430_122802210.mp4,C:\Users\ylop\Desktop\annotator\extracted_techniques\strikes\hook\hook_mirrored_PXL_20250430_122802210_152.mp4
hook,19444,19541,324.07105661318286,325.6877451799119,C:\Users\ylop\Desktop\TRAINING FOOTAGE\PXL_20250430_122802210.mp4,C:\Users\ylop\Desktop\annotator\extracted_techniques\strikes\hook\hook_mirrored_PXL_20250430_122802210_153.mp4
hook,19542,19654,325.7044120723524,327.5711040256889,C:\Users\ylop\Desktop\TRAINING FOOTAGE\PXL_20250430_122802210.mp4,C:\Users\ylop\Desktop\annotator\extracted_techniques\strikes\hook\hook_mirrored_PXL_20250430_122802210_154.mp4
hook,19655,19742,327.5877709181295,329.0377905604534,C:\Users\ylop\Desktop\TRAINING FOOTAGE\PXL_20250430_122802210.mp4,C:\Users\ylop\Desktop\annotator\extracted_techniques\strikes\hook\hook_mirrored_PXL_20250430_122802210_155.mp4
hook,19743,19833,329.0544574528939,330.55447777253937,C:\Users\ylop\Desktop\TRAINING FOOTAGE\PXL_20250430_122802210.mp4,C:\Users\ylop\Desktop\annotator\extracted_techniques\strikes\hook\hook_mirrored_PXL_20250430_122802210_156.mp4
hook,19839,19933,330.6544791271824,332.2211670165899,C:\Users\ylop\Desktop\TRAINING FOOTAGE\PXL_20250430_122802210.mp4,C:\Users\ylop\Desktop\annotator\extracted_techniques\strikes\hook\hook_mirrored_PXL_20250430_122802210_157.mp4
hook,19934,20003,332.2378339090304,333.3878494874253,C:\Users\ylop\Desktop\TRAINING FOOTAGE\PXL_20250430_122802210.mp4,C:\Users\ylop\Desktop\annotator\extracted_techniques\strikes\hook\hook_mirrored_PXL_20250430_122802210_158.mp4
hook,20004,20113,333.4045163798658,335.22120765588085,C:\Users\ylop\Desktop\TRAINING FOOTAGE\PXL_20250430_122802210.mp4,C:\Users\ylop\Desktop\annotator\extracted_techniques\strikes\hook\hook_mirrored_PXL_20250430_122802210_159.mp4
hook,20114,20212,335.2378745483214,336.87123000749085,C:\Users\ylop\Desktop\TRAINING FOOTAGE\PXL_20250430_122802210.mp4,C:\Users\ylop\Desktop\annotator\extracted_techniques\strikes\hook\hook_mirrored_PXL_20250430_122802210_160.mp4
hook,20213,20314,336.8878968999314,338.5712530364224,C:\Users\ylop\Desktop\TRAINING FOOTAGE\PXL_20250430_122802210.mp4,C:\Users\ylop\Desktop\annotator\extracted_techniques\strikes\hook\hook_mirrored_PXL_20250430_122802210_161.mp4
hook,20315,20393,338.5879199288629,339.8879375392223,C:\Users\ylop\Desktop\TRAINING FOOTAGE\PXL_20250430_122802210.mp4,C:\Users\ylop\Desktop\annotator\extracted_techniques\strikes\hook\hook_mirrored_PXL_20250430_122802210_162.mp4
hook,20394,20498,339.9046044316628,341.63796124547537,C:\Users\ylop\Desktop\TRAINING FOOTAGE\PXL_20250430_122802210.mp4,C:\Users\ylop\Desktop\annotator\extracted_techniques\strikes\hook\hook_mirrored_PXL_20250430_122802210_163.mp4
hook,20634,20779,343.90465861738403,346.3213580212573,C:\Users\ylop\Desktop\TRAINING FOOTAGE\PXL_20250430_122802210.mp4,C:\Users\ylop\Desktop\annotator\extracted_techniques\strikes\hook\hook_mirrored_PXL_20250430_122802210_164.mp4
